{
    "num_circuits": 10,
    "num_qubits": 12,
    "num_cycles": 9,
    "circuit_depth": 18,
    "transpiled_circuit_depth": 55,
    "backend": "fake_guadalupe",
    "f_xeb_data": {
        "circuit_0": 0.9599138045889082,
        "circuit_1": 1.7009370550451264,
        "circuit_2": 0.8937513258110372,
        "circuit_3": 1.9454853306402464,
        "circuit_4": 1.4663353884824142,
        "circuit_5": 1.3306586445661708,
        "circuit_6": 1.304995807520514,
        "circuit_7": 1.2206844813236017,
        "circuit_8": 0.8707536806784106,
        "circuit_9": 1.7207406440744588
    },
    "expected_circuit_fidelities": {
        "circuit_0": {
            "expected_fidelity_before_readout": 0.5406767031195603,
            "expected_fidelity": 0.41475883022772375
        },
        "circuit_1": {
            "expected_fidelity_before_readout": 0.5406767031195603,
            "expected_fidelity": 0.41475883022772375
        },
        "circuit_2": {
            "expected_fidelity_before_readout": 0.5406767031195603,
            "expected_fidelity": 0.41475883022772375
        },
        "circuit_3": {
            "expected_fidelity_before_readout": 0.5406767031195603,
            "expected_fidelity": 0.41475883022772375
        },
        "circuit_4": {
            "expected_fidelity_before_readout": 0.5406767031195603,
            "expected_fidelity": 0.41475883022772375
        },
        "circuit_5": {
            "expected_fidelity_before_readout": 0.5406767031195603,
            "expected_fidelity": 0.41475883022772375
        },
        "circuit_6": {
            "expected_fidelity_before_readout": 0.5406767031195603,
            "expected_fidelity": 0.41475883022772375
        },
        "circuit_7": {
            "expected_fidelity_before_readout": 0.5406767031195603,
            "expected_fidelity": 0.41475883022772375
        },
        "circuit_8": {
            "expected_fidelity_before_readout": 0.5406767031195603,
            "expected_fidelity": 0.41475883022772375
        },
        "circuit_9": {
            "expected_fidelity_before_readout": 0.5406767031195603,
            "expected_fidelity": 0.41475883022772375
        }
    }
}